id;content_type;size;file_name;file;file_content_type
1;Applications circuit Metal;60155;Assistant stable;../fake-data/blob/hipster.png;image/png
2;Bermuda;30472;alarm Auto Loan Account Electronics;../fake-data/blob/hipster.png;image/png
3;Practical Soft Towels;45978;Business-focused matrix;../fake-data/blob/hipster.png;image/png
4;Paradigm;28137;Hollow CSS Curve;../fake-data/blob/hipster.png;image/png
5;Plastic Visionary Borders;61134;Markets Computers connecting;../fake-data/blob/hipster.png;image/png
6;Open-architected salmon white;96218;copy Designer;../fake-data/blob/hipster.png;image/png
7;Markets black Car;34304;Benin Cape Verde Escudo transmit;../fake-data/blob/hipster.png;image/png
8;Personal Loan Account RSS reintermediate;19010;Road;../fake-data/blob/hipster.png;image/png
9;Auto Loan Account Consultant;24192;Bedfordshire Money Market Account;../fake-data/blob/hipster.png;image/png
10;Bouvet Island (Bouvetoya) Ergonomic Plastic Shoes;10348;Auto Loan Account deposit Facilitator;../fake-data/blob/hipster.png;image/png
