id;direccion;colonia;codigo_postal;geolocalizacion
1;communities;Planner;deliv;open-source
2;JBOD programming;Chips;trans;override
3;azure;Azerbaijanian Manat cultivate Open-source;Natio;Facilitator Function-based
4;channels Tasty;Beauty enable;depos;Executive out-of-the-box
5;Lights Vatu;Courts;Inter;Sausages e-enable Streets
6;quantify;Personal Loan Account Strategist Regional;navig;Liaison open-source Wooden
7;initiatives;Yuan Renminbi;Sausa;Gibraltar Pound monitoring
8;Synchronised Car Nevada;cross-platform 24 hour uniform;Visio;parallelism action-items Shirt
9;intermediate Unbranded Central;holistic Latvian Lats Engineer;trans;holistic
10;invoice Future-proofed;synergy Generic;orchi;Fantastic transparent
