id;clave;descripcion
1;Route overriding;pixel Credit Card Account
2;payment clicks-and-mortar;disintermediate
3;compressing visualize yellow;zero administration Gloves protocol
4;Kenya bypassing parse;Ergonomic Lodge
5;technologies payment Solutions;ivory
6;invoice interfaces Credit Card Account;input Handcrafted
7;Licensed Granite Mouse Enterprise-wide;Director Auto Loan Account
8;data-warehouse Steel;Fresh navigate
9;artificial intelligence;system Assimilated
10;Checking Account heuristic;even-keeled full-range Nuevo Sol
